"","feature","group","avgExpr","logFC","statistic","auc","pval","padj","pct_in","pct_out"
"1","CTNNA3","0",3.53025569190697,3.0058337688096,77598334,0.97720157411412,0,0,98.1732348111658,33.3885514448739
"2","ST18","0",3.20216132617975,2.89893250406059,77003065,0.969705307456883,0,0,96.85960591133,17.8968034848764
"3","RNF220","0",3.31757885074788,2.77637789114153,76783699,0.966942815152511,0,0,97.1469622331691,32.3946254371434
"4","PLP1","0",2.98674097903097,2.40164075743685,74392642,0.936832057050454,0,0,94.7249589490969,33.9100558316461
"5","PLEKHH1","0",2.36027026299711,2.07944415614958,73953117.5,0.931297092430444,0,0,91.0098522167488,21.7866126756243
"6","CLMN","0",2.30258561174892,2.05783142896964,73544220.5,0.926147822189017,0,0,90.1888341543514,17.6636603472606
"7","FRMD4B","0",2.5461345405343,2.03169919101695,72770331.5,0.916402180626795,0,0,93.123973727422,30.0141112951715
"8","C10orf90","0",2.23677546175234,1.92425901055224,72591301,0.91414763626487,0,0,89.8399014778325,20.3877538499294
"9","ENPP2","0",2.04664212937761,1.89805062058002,72319200,0.910721048195105,0,0,86.0632183908046,10.6018774157924
"10","ZNF536","0",2.43186130571083,1.98366998825688,71864680,0.904997244131653,0,0,91.8103448275862,24.2530216577704
"11","TMEM144","0",2.259197511575,1.98950969766644,71800246,0.904185821991759,0,0,86.6995073891626,19.2036321246702
"12","KCNH8","0",2.12588131593765,1.8555276677435,71742534.5,0.90345905679285,0,0,87.5,17.4182465181913
"13","DOCK5","0",2.3557563985748,1.85153203061723,71568186,0.901263473204104,0,0,89.8399014778325,31.3454813178723
"14","AC026316.5","0",2.23478384135534,2.03472051212969,71494456,0.900334985846896,0,0,85.2422003284072,13.7738511565127
"15","TF","0",2.10545211635724,1.86782626419316,71493045.5,0.900317223315805,0,0,86.3300492610837,17.2341861463893
"16","PDE1C","0",2.38227708357295,1.86197729406392,71449635.5,0.899770557966877,0,0,89.983579638752,33.1185962328977
"17","POLR2F","0",2.13024769178004,1.82816696023234,71362495.5,0.898673197485294,0,0,86.8021346469622,24.5659242898337
"18","MOBP","0",2.00345852739937,1.86191106848165,70818446.5,0.89182194808611,0,0,82.5944170771757,9.73679366832321
"19","CREB5","0",2.08824702958917,1.74523147260883,70553675,0.88848766095334,0,0,86.1658456486043,24.1119087060556
"20","PXK","0",1.97054643202469,1.57631076799095,69807133,0.879086402189946,0,0,85.7142857142857,31.695196024296
"21","SPOCK3","0",2.39479012616238,1.77022457298674,69491971,0.875117543754132,0,0,90.2709359605911,34.940793913737
"22","CERCAM","0",1.67015188971021,1.5300726582476,69375782,0.873654367061515,0,0,80.1108374384236,10.8104791705013
"23","FA2H","0",1.64955845973022,1.50590731331239,69272685,0.872356058895692,0,0,79.8234811165846,10.632554144426
"24","TMEM165","0",2.07157475698617,1.61204104013265,69091718.5,0.87007713434221,0,0,84.8932676518883,34.689244738941
"25","SLAIN1","0",1.98005669632584,1.53827114508847,68619124,0.864125716760001,0,0,84.3185550082102,33.3333333333333
"26","MOG","0",1.46244186428614,1.37181819161793,67914423.5,0.855251371108728,0,0,74.8973727422003,6.7550156451316
"27","CDK18","0",1.53279436518565,1.35595583697272,67633516.5,0.851713888427982,0,0,77.4220032840722,14.5284986809007
"28","CNTN2","0",1.5108355147453,1.36313040756383,67539009,0.850523748472586,0,0,76.1494252873563,11.7737284495981
"29","DAAM2","0",1.83928391196814,1.48040878668852,67469189,0.849644500035311,0,0,83.3333333333333,21.5596048837352
"30","LPAR1","0",1.67557720328322,1.41973064384052,67031822.5,0.84413671126932,0,0,78.2019704433498,17.5286827412725
"31","UGT8","0",1.47673564085946,1.34013713291137,66830438.5,0.841600667624345,0,0,74.0147783251232,10.3073808209093
"32","ABCA2","0",1.49306342378586,1.26859872439162,66812458.5,0.841374244151096,0,0,77.504105090312,19.0441131357752
"33","LINC01608","0",1.54631091447992,1.46077258565711,66702654,0.839991467940401,0,0,71.4696223316913,5.78563102030799
"34","BCAS1","0",1.74981417646522,1.45316137725101,66638726,0.839186417896028,0,0,79.2487684729064,16.9028774771458
"35","HHIP","0",1.50966601400663,1.40573734251075,66573091.5,0.838359877770615,0,0,72.0443349753695,7.67531750414136
"36","FAM107B","0",1.41691447461374,1.2920703663026,66006882,0.831229559551691,0,0,71.6543513957307,9.59568071660838
"37","ANO4","0",2.00936851215965,1.47108942060431,65970785.5,0.830774993650572,0,0,81.9991789819376,33.3087919504264
"38","LPGAT1","0",1.77922878956362,1.35378441744165,65778003.5,0.82834727562945,0,0,79.3513957307061,32.5970918461255
"39","HIP1","0",1.9821875688577,1.41011132794277,65663486,0.826905148260277,0,0,85.3448275862069,34.0020860175471
"40","CD22","0",1.28345351083645,1.21965371671635,65595037.5,0.826043171224201,0,0,68.2881773399015,4.83465243266458
"41","ADGRV1","1",3.34509270665646,2.89251160256994,61618981.5,0.964361413011582,0,0,95.858475041141,30.4650499286733
"42","RYR3","1",2.73968557692217,2.25969605275726,59084234,0.924691612874954,0,0,91.6072408118486,29.169757489301
"43","RNF219-AS1","1",2.46973775396209,2.3170921198525,58871072,0.921355543330858,0,0,87.3834339001646,10.7047075606277
"44","NKAIN3","1",2.53799546373045,2.0117662575122,57341101,0.897410892518563,0,0,89.1387822270982,30.8359486447932
"45","ATP1A2","1",2.07428761751001,1.77897751606194,56762753.5,0.88835952557392,0,0,86.2314865606144,18.7960057061341
"46","SLC4A4","1",2.1491567949136,1.86964219990359,56694589.5,0.887292732034716,0,0,84.2018650575974,20.7988587731812
"47","TRPM3","1",2.48481306000996,2.02370262753942,56495268,0.884173271785546,0,0,86.0120680197477,28.1940085592011
"48","GLIS3","1",2.16445073654822,1.87038163879044,56210172.5,0.879711414537496,0,0,83.0773450356555,19.9600570613409
"49","ZNRF3","1",2.16095817575255,1.79167699594354,56208875,0.879691108149709,0,0,83.845309928689,27.9771754636234
"50","SFXN5","1",2.02458380271784,1.63163991842854,56124193.5,0.878365809207597,0,0,84.8052660449808,30.2824536376605
"51","RFX4","1",1.79656173658256,1.66899563270912,55623002.5,0.870521971981097,0,0,78.1952825013714,9.72895863052782
"52","HIF3A","1",1.8396245911849,1.58517589800657,54540930.5,0.853587117533686,0,0,78.7712561711465,16.5592011412268
"53","SLC25A18","1",1.49560884108823,1.38202396845532,54282990,0.849550246767606,0,0,74.6023038946791,9.08416547788873
"54","PRDM16","1",1.39923071914607,1.34262169624203,54188759,0.848075494376422,0,0,72.161272627537,4.43366619115549
"55","PAMR1","1",1.56639617201699,1.46484272500077,54161005,0.847641133307719,0,0,73.4777838727372,8.18830242510699
"56","PARD3","1",2.10643332080853,1.59320365822278,54060143.5,0.846062610971084,0,0,82.9402084476138,29.9800285306705
"57","BMPR1B","1",1.52318418108614,1.41693622651594,54012517,0.845317237423538,0,0,73.2309380142622,8.23965763195435
"58","PREX2","1",1.88183386532165,1.44170739105707,53855745.5,0.842863701490622,0,0,81.8431157432803,28.6676176890157
"59","LINC00499","1",1.67505519600652,1.60359048491594,53779841.5,0.84167577389248,0,0,71.0641799232035,5.12981455064194
"60","TPD52L1","1",1.63711688323474,1.51516726698506,53616244,0.83911540836185,0,0,72.2709818979704,9.35805991440799
"61","CARMIL1","1",1.77702856862804,1.39576418739352,53565597.5,0.838322770620765,0,0,79.1003839824465,27.5435092724679
"62","C1orf61","1",1.71661606007321,1.3491213907115,53406676.5,0.835835594163342,0,0,81.6236972024136,25.4265335235378
"63","CAMK2G","1",1.80730699638055,1.33782359396494,53335364.5,0.834719533180012,0,0,81.2945693911135,34.9614835948645
"64","STON2","1",1.41874527393684,1.31332094170735,53236656,0.833174706144267,0,0,71.0916072408119,7.93723252496434
"65","NHSL1","1",1.76706287499579,1.45428479450019,53136155,0.831601825775105,0,0,78.4969829950631,18.5791726105563
"66","PARD3B","1",1.85204542821922,1.39981074792721,53080014.5,0.830723204762728,0,0,80.279758639605,28.6390870185449
"67","MMD2","1",1.64659433057021,1.36373865156585,52948959.5,0.828672142218271,0,0,78.3049917718047,18.5506419400856
"68","ARHGEF4","1",1.71490518881042,1.32931640549212,52931872,0.828404716090093,0,0,79.1278113000548,28.3195435092725
"69","FGFR3","1",1.29482020514432,1.17548938987014,52856559,0.827226037875521,0,0,71.5578716401536,9.28388017118402
"70","GNA14","1",1.4972862662908,1.38357840755251,52781552,0.826052148681885,0,0,69.8299506308283,8.69614835948645
"71","KCNN3","1",1.5656884232838,1.32301324950151,52777359,0.825986526574762,0,0,74.3828853538124,19.3666191155492
"72","ACSBG1","1",1.25713536010264,1.18659947649297,52724897,0.825165475541171,0,0,68.5682940208448,5.31811697574893
"73","GLI3","1",1.32145917849371,1.24836492259143,52678799,0.824444023622707,0,0,68.3214481623697,5.56918687589158
"74","AC002429.2","1",1.64725587198555,1.53190982275581,52298375.5,0.818490245499924,0,0,68.3214481623697,8.67902995720399
"75","LRIG1","1",1.58114919409631,1.25731310262523,52078751.5,0.815053043101971,0,0,75.5622600109709,24.228245363766
"76","ACOT11","1",1.35745651575428,1.14302474805354,52059299,0.814748603789117,0,0,72.4355458036204,18.2310984308131
"77","ATP13A4","1",1.39532091890551,1.19356488976472,52008002,0.813945785465947,0,0,71.4481623697202,14.7104136947218
"78","LINC00299","1",1.28007683445302,1.1655209593646,51670877.5,0.808669653805433,0,0,67.1969281404279,9.660485021398
"79","GRAMD2B","1",1.54812158838206,1.22404137081932,51654528,0.808413777668921,0,0,73.7520570488206,22.7788873038516
"80","SPON1","1",1.32473986954528,1.2269667673931,51644942.5,0.80826376080562,0,0,66.1821173889194,7.61768901569187
"81","LRIG1","10",1.53496142924357,1.00231202179217,2703572,0.789524528196095,1.82179286067704e-52,4.10571384367917e-49,86.5030674846626,32.6542269611577
"82","AC002429.2","10",1.41938702903078,1.04829152559025,2654064.5,0.775066845700615,2.85358482141596e-70,7.71723479103732e-66,74.2331288343558,18.5215156130998
"83","CLMN","10",1.82462209954336,1.11489094363445,2633784,0.7691443283073,1.51485265613432e-44,1.28023985101551e-41,90.7975460122699,33.9156511805027
"84","ATP1A2","10",1.61598279986967,1.02217296623772,2630937,0.7683129184792,9.41673551329123e-48,1.15757361464295e-44,85.8895705521472,29.9790555978675
"85","ENPP2","10",1.60861253011246,1.03116919358298,2616534.5,0.764106954289105,6.176282919775e-49,8.79112606749448e-46,85.8895705521472,27.5180883472963
"86","RNF219-AS1","10",1.72427976646101,1.18169022977103,2615704,0.763864423252141,1.8193276784178e-54,4.47289979410283e-51,77.9141104294479,23.4910510281797
"87","AC026316.5","10",1.82765956267569,1.16834927281394,2605063.5,0.760757076474519,2.21971419289945e-45,2.06999829768182e-42,82.2085889570552,29.8172124904798
"88","LHFPL3","11",2.94600571113213,2.37401398102245,3110060.5,0.908231424546419,1.76896258828842e-121,1.5946608079224e-117,97.5460122699387,25.0809215536938
"89","PCDH15","11",2.63820009857717,1.97076776703683,3044225,0.889005473813073,1.37704568939736e-95,3.72408236240622e-92,98.7730061349693,31.2595201827875
"90","MEGF11","11",1.89630095690842,1.60062303763354,2995595,0.87480404777146,1.18354528902648e-146,3.2007798796432e-142,88.3435582822086,15.5654988575781
"91","VCAN","11",1.92150036090117,1.53491177707216,2929850.5,0.855604671781477,2.17111528136163e-111,9.78594027819066e-108,88.3435582822086,19.468773800457
"92","LUZP2","11",1.85723736105541,1.39058702846016,2895599,0.845602201206435,5.42643219614328e-89,1.1288648639423e-85,90.7975460122699,24.5715917745621
"93","CA10","11",1.85696852402669,1.30935200343086,2813970.5,0.82176421836379,1.11127632277905e-70,1.66963093740203e-67,89.5705521472393,28.1273800456969
"94","SEMA5A","11",1.68365510813563,1.21261666800508,2794130.5,0.815970340250165,1.83512052800231e-71,3.1018124724559e-68,85.8895705521472,26.2566641279513
"95","LINC00511","11",1.85225633544304,1.23704195909961,2762532,0.806742625654732,1.1783916633648e-58,1.1381580051442e-55,90.1840490797546,32.6399466869764
"96","SOX6","11",1.94032063597834,1.28158563618435,2740865,0.8004152084628,1.35850033337928e-56,1.14810259424716e-53,89.5705521472393,32.3971820258949
"97","SMOC1","11",1.27836725485049,1.01642524591669,2690902,0.785824506235428,2.28167109285794e-90,5.14212608627085e-87,71.7791411042945,14.7610434120335
"98","NXPH1","11",1.51734634087476,1.06060472506736,2687201.5,0.784743848676987,3.8079976013264e-69,5.14917435651356e-66,81.5950920245399,20.6635567402894
"99","TMEM132C","11",1.52151826665236,1.02427439243545,2677948.5,0.782041693728127,1.20198737394711e-54,9.02959626139604e-52,82.2085889570552,28.2511424219345
"100","BCAS1","11",1.71657749299574,1.0939367603809,2614591,0.76353939369869,2.44724321228846e-45,1.29771069476724e-42,84.6625766871166,30.8358720487433
"101","KCNH8","11",1.72492464234262,1.03553844820407,2582104,0.754052210317775,1.88404963337879e-40,8.21810294920903e-38,86.5030674846626,33.1349961919269
"102","DOCK8","12",2.23356711932724,1.82685033139466,2238018,0.871509802654073,1.33530878783452e-106,3.61120908581968e-102,92.6229508196721,16.0530191458027
"103","APBB1IP","12",2.01353760264288,1.63240043098264,2194668,0.854628816913541,2.42377580112202e-101,2.18495309218479e-97,89.344262295082,15.2643831060858
"104","ST6GAL1","12",2.1999792452204,1.60008807803997,2186648,0.851505737198683,1.81635788284903e-60,1.14236238566905e-57,93.4426229508197,30.4194973632952
"105","SRGAP2","12",1.97850224930015,1.39887561908113,2163144,0.842353010812398,5.28280274687243e-53,2.34210028666259e-50,90.983606557377,34.7617464012542
"106","INPP5D","12",1.63307623546934,1.29360404872152,2149929.5,0.837207133394445,3.03583908939529e-90,1.36835387222677e-86,86.8852459016393,15.6159437502969
"107","CYFIP1","12",1.83165070583923,1.2693088162633,2143641.5,0.834758514286337,1.01314253664587e-51,4.28116043141421e-49,92.6229508196721,33.6548054539408
"108","ATP8B4","12",1.6277611686933,1.28804959755324,2141996.5,0.834117932474499,2.38919176490759e-78,3.40070011000846e-75,84.4262295081967,18.3239108746259
"109","AOAH","12",1.59786272576416,1.19480453835718,2113821,0.823146070566025,1.91978162825756e-64,1.44218262096104e-61,86.0655737704918,21.825264858188
"110","ADAM28","12",1.45446211195056,1.1931096617908,2110404,0.821815451690007,1.97288064347876e-101,2.18495309218479e-97,79.5081967213115,12.0955864886693
"111","ARHGAP24","12",2.32128949918413,1.54278770856744,2109312,0.821390214402148,4.13509303227643e-47,1.36377385323029e-44,94.2622950819672,34.5052021473704
"112","GLDN","12",1.90389205142253,1.28149555063229,2102707.5,0.81881834657462,4.95043558928228e-48,1.67349475095688e-45,92.6229508196721,32.543113687111
"113","C3","12",1.3401370896992,1.07112730601963,2098326,0.817112140368804,1.39191262765811e-88,4.70536063779824e-85,79.5081967213115,13.7868782364958
"114","TBXAS1","12",1.6566254862288,1.3225615884515,2087938,0.813066934374048,5.43358937049526e-80,9.18412443347962e-77,79.5081967213115,15.1788683547912
"115","DOCK2","12",1.3359173385383,1.05752448653612,2074025.5,0.80764924777393,5.28191838726212e-83,1.09880154511628e-79,78.6885245901639,13.8913962658559
"116","PALD1","12",1.32860001462743,1.03049671056625,2070833,0.806406051765241,3.19677294772054e-74,3.45814110392618e-71,79.5081967213115,15.8249798090171
"117","SLCO2B1","12",1.50682631133695,1.16942009912617,2066591.5,0.804754363160432,1.60618035773793e-77,1.97443370884839e-74,79.5081967213115,14.7797995154164
"118","ARHGAP22","12",1.61364926761998,1.05506022601406,2052041.5,0.799088426770011,1.62742188892091e-41,3.86070154069974e-39,88.5245901639344,33.8543398736282
"119","TMEM144","12",1.98273323867508,1.2624824666588,2043651,0.795821070118202,2.94814727530898e-40,6.32775356456e-38,94.2622950819672,34.3911824789776
"120","RASGEF1C","12",1.33995711860531,1.04060058875836,2032410.5,0.791443890874455,4.9869820600575e-64,3.54915639032092e-61,74.5901639344262,16.9081666587486
"121","AC026316.5","12",1.98999119801185,1.3293460295015,2032224,0.791371265641684,1.32697369346631e-42,3.51830162412775e-40,87.7049180327869,29.8874055774621
"122","CSF1R","12",1.32577428890334,1.07158870744578,2032069.5,0.791311101574858,9.88266939579028e-82,1.90904936528395e-78,72.9508196721311,12.4471471328804
"123","FYB1","12",1.3577568836344,1.08140405758336,2030314.5,0.790627684505085,7.05751445841167e-81,1.27242280675524e-77,73.7704918032787,12.532661884175
"124","IPCEF1","12",1.40001089477561,1.01125873565765,2029611,0.790353733560023,8.59881062628195e-51,3.37023528372709e-48,79.5081967213115,22.822936956625
"125","CLMN","12",1.93254839056933,1.22127115070469,2025973.5,0.788937249462418,9.76453949472619e-39,1.87285252549911e-36,94.2622950819672,34.0063660981519
"126","ENPP2","12",1.72649028881138,1.1477216232698,2024773,0.788469761033778,5.74574620968593e-44,1.65306340951858e-41,90.1639344262295,27.6070122096062
"127","TF","12",1.76703105266987,1.1059427023022,1993254.5,0.776196096695532,2.55846659050241e-36,4.19340427112406e-34,89.344262295082,32.8091595800276
"128","MAML3","12",1.63613046834329,1.03491459997863,1989935.5,0.774903640140219,5.04872643832893e-36,8.17591364060884e-34,85.2459016393443,32.7901563019621
"129","MOBP","12",1.63279642342983,1.06893444353857,1977823,0.770186894124482,3.25817662964804e-40,6.9381203757639e-38,84.4262295081967,26.1675138961471
"130","KCNH8","12",1.77290823325466,1.08178309292934,1968071,0.766389353802875,1.18053867549216e-33,1.62063390558426e-31,90.983606557377,33.2129792389187
"131","RBFOX3","2",2.07289467627777,1.72356231637262,47799722,0.910057122599687,0,0,93.6585365853659,20.5617179389104
"132","SYN3","2",2.5104872366847,1.9846080596677,47632514.5,0.906873665249724,0,0,93.9024390243902,29.5011201573684
"133","SLIT3","2",1.85331490205133,1.59241159610996,47182850,0.898312519622031,0,0,89.5818815331011,16.3542975793672
"134","AC011287.1","2",2.03578412646256,1.70419942562195,46497426,0.885262757675701,0,0,87.9094076655052,20.8294628708814
"135","LDB2","2",2.18807366921916,1.70205114959918,46460005,0.884550300653779,0,0,91.5679442508711,28.0968253100923
"136","CACNA1B","2",2.16645819706003,1.57282560609952,46314981.5,0.881789203651597,0,0,95.191637630662,33.3697612152341
"137","ASIC2","2",2.44842161287405,1.80072431838232,46131762.5,0.878300903950908,0,0,94.2857142857143,33.1730506529698
"138","CDH12","2",2.2468991809234,1.69176225410642,45864618,0.873214749789001,0,0,90.7665505226481,32.1403202010819
"139","CHRM3","2",2.30512165721652,1.6857379510455,45638381,0.868907431992349,0,0,93.9024390243902,31.555652696574
"140","LINC01250","2",1.41362219164071,1.24143301128306,45624541.5,0.868643942268534,0,0,82.6132404181185,12.6605103546254
"141","GALNT17","2",2.18548682542164,1.57492960147643,45592578,0.868035390385362,0,0,95.2961672473868,31.9053603628217
"142","SORBS2","2",2.10242982239521,1.48988911274462,45565888.5,0.86752724999129,0,0,93.2752613240418,34.9489098956341
"143","ST6GALNAC5","2",1.94297114699075,1.55509159196905,45512604,0.866512768385117,0,0,87.4912891986063,22.9932790557893
"144","DGKB","2",2.15141642417601,1.57283296294175,45503770.5,0.866344587708408,0,0,91.8118466898955,33.047374460412
"145","KSR2","2",1.75847941998146,1.33362229921554,45472307,0.865745555306568,0,0,90.9407665505226,26.6160319108245
"146","HECW1","2",2.0256478523076,1.47885997303536,45458780,0.865488015258586,0,0,93.3797909407666,30.7087044423802
"147","RGS6","2",2.01887541043305,1.63229797198078,45447631.5,0.865275759383305,0,0,87.2822299651568,21.5999125730834
"148","LINC01122","2",1.63620974376173,1.31828790844827,45181168.5,0.860202580274454,0,0,86.6898954703833,20.5945030326212
"149","LINGO2","2",2.25340456975635,1.67726005572182,45142167.5,0.85946004169152,0,0,92.2299651567944,28.8235615540134
"150","FRMPD4","2",2.18173735348063,1.53323844494427,45059407.5,0.857884377141288,0,0,93.6933797909408,34.0691765477296
"151","MIAT","2",1.60273887258727,1.25201696544646,45013215,0.857004919858342,0,0,87.6655052264808,24.1407573356647
"152","SHANK2","2",1.69961371439383,1.2720500692094,45000720,0.856767028019832,0,0,90.9407665505226,27.1132724987706
"153","FSTL4","2",1.53105525638983,1.31602021372306,44959543.5,0.855983070173618,0,0,81.9512195121951,13.6222064368067
"154","KIAA1211L","2",1.29296639271938,1.11384967274406,44907349,0.854989341036752,0,0,81.4982578397213,12.6714387191957
"155","SRRM3","2",1.49356058131385,1.1882248041951,44906819.5,0.85497925990602,0,0,87.6655052264808,19.7858040544233
"156","SHISA9","2",2.0270189994836,1.45709147413098,44809094.5,0.853118677279492,0,0,93.0313588850174,30.5338506092563
"157","FAM19A1","2",2.10817644675663,1.56594059893836,44757381.5,0.852134115403149,0,0,88.3275261324042,30.3152833178515
"158","CDH18","2",1.89462201476412,1.41601628884682,44671613,0.850501172133737,0,0,88.9895470383275,28.6487077208896
"159","CABP1","2",1.33686841669821,1.1211627338838,44619571,0.849510346438676,0,0,82.4738675958188,15.3215671274794
"160","PTPRR","2",1.40687599702866,1.16382162849983,44614779.5,0.849419121249063,0,0,82.9616724738676,16.4854379542102
"161","CACNG3","2",1.39573154435599,1.16277378039804,44610684,0.849341147177464,0,0,83.0313588850174,15.4199224086115
"162","CACNA1E","2",1.71644611893504,1.25633513488798,44459946.5,0.846471261542609,0,0,89.4076655052265,29.1295557619802
"163","ABLIM2","2",1.38751979497604,1.09988484166089,44428088.5,0.845864718269998,0,0,85.0522648083624,20.5726463034807
"164","LRFN5","2",1.90615392690768,1.35729687102789,44357808.5,0.844526659973837,0,0,91.4982578397212,31.1895524834709
"165","ANKRD30BL","2",1.82835568352971,1.30381947616635,44307278.5,0.843564621190327,0,0,91.2543554006969,31.7523632588383
"166","MTUS2","2",1.85442534586364,1.37427294843049,44231952,0.842130482769072,0,0,91.2891986062718,24.6325337413256
"167","SV2B","2",1.63912440201482,1.25119924961303,44195933.5,0.84144472789229,0,0,87.8397212543554,22.3375771815748
"168","CAMK2A","2",1.62722749372005,1.19563716526028,44185060.5,0.841237717251223,0,0,89.8606271777004,26.1788973280149
"169","SRRM4","2",1.59953503174912,1.21498031159292,44121667.5,0.840030780290942,0,0,88.2229965156794,22.4304682804218
"170","NELL2","2",1.78394996941399,1.25802344279278,43920263.5,0.836196257054174,0,0,90.8710801393728,30.9819135566362
"171","DOCK8","3",2.81551232027067,2.72274423395,45069965,0.957938680144388,0,0,92.8260007927071,6.16688116688117
"172","APBB1IP","3",2.6701111437847,2.58798343582513,44736492,0.950850884858019,0,0,91.4783987316686,5.43758043758044
"173","ARHGAP24","3",3.03554467427779,2.55231846790776,43968136,0.934519877444967,0,0,92.627824019025,27.0323895323895
"174","ST6GAL1","3",2.71297764671439,2.38851046292861,43911021,0.933305927806522,0,0,91.3198573127229,22.5922350922351
"175","TBXAS1","3",2.31893429168096,2.24476290194891,43781474.5,0.930552484283162,0,0,87.5544986127626,5.80759330759331
"176","INPP5D","3",2.19899269547349,2.10264312506902,43470356.5,0.923939832902377,0,0,87.3563218390805,6.37601887601888
"177","SRGAP2","3",2.39659508877399,2.05364523866042,43398267,0.922407608049701,0,0,89.5362663495838,27.7187902187902
"178","CYFIP1","3",2.38081881406753,2.05620545328332,43201884,0.918233589458322,0,0,88.8624653190646,26.5712140712141
"179","FYB1","3",2.03345953439099,1.98776141287216,42836282.5,0.910462919603823,0,0,83.3135156559651,3.35692835692836
"180","SLCO2B1","3",2.1685035919536,2.07118690339135,42617115,0.905804628307601,0,0,83.9873166864843,5.83976833976834
"181","ATP8B4","3",2.03010399844559,1.91066902764821,42529809,0.903948984656476,0,0,83.7098692033294,9.90990990990991
"182","ADAM28","3",1.91070562463682,1.86469844906239,42498648,0.90328667379797,0,0,82.1244550138724,3.06199056199056
"183","DOCK2","3",1.91506926995171,1.85119361095303,42470835.5,0.90269553356652,0,0,82.2433610780816,5.06756756756757
"184","AOAH","3",2.07389160815522,1.88907379863693,42417447,0.90156078874866,0,0,84.70075307174,13.7387387387387
"185","CSF1R","3",1.84382298185393,1.79769839025542,42408883,0.901378765379954,0,0,81.6884661117717,3.47490347490348
"186","ARHGAP15","3",1.91590135348975,1.83741744206176,41952647,0.891681706336879,0,0,80.6579468886247,5.88266838266838
"187","HS3ST4","3",2.65741908669435,2.10311639199795,41853733,0.889579340679222,0,0,88.149028933809,30.8987558987559
"188","PALD1","3",1.81341346491834,1.71358380613567,41522699,0.882543385070139,0,0,79.8256044391597,7.58258258258258
"189","BMP2K","3",2.26748927062966,1.80727896490071,41455676.5,0.881118856668797,0,0,85.6916369401506,32.1214071214071
"190","C3","3",1.74776534913784,1.6718177040424,41422418.5,0.880411975165245,0,0,78.8347205707491,5.41613041613042
"191","MAML3","3",2.13663832420168,1.73638831141828,40964599.5,0.870681270279962,0,0,84.0269520412208,26.2012012012012
"192","CSF2RA","3",1.54151778019754,1.50887204813791,40871407,0.868700512130952,0,0,75.0297265160523,2.64907764907765
"193","AKAP13","3",1.99091119405697,1.54239944321375,40780652,0.866771561777507,0,0,84.423305588585,32.3788073788074
"194","SYK","3",1.52964758094411,1.50058413847841,40762438,0.866384432674563,0,0,74.3955608402695,2.20935220935221
"195","RHBDF2","3",1.51784375320801,1.48607061623855,40745647.5,0.86602755932423,0,0,74.4748315497424,2.53110253110253
"196","RASGEF1C","3",1.75842471362351,1.6496664117817,40737702.5,0.865858692478788,0,0,76.8133174791914,9.18060918060918
"197","ABCC4","3",1.70890907856246,1.54837587066068,40520669,0.86124575824338,0,0,77.6456599286564,12.9611754611755
"198","RIN3","3",1.61925763428854,1.51961144912555,40304518,0.856651581086777,0,0,74.8711850971066,8.63363363363363
"199","RUNX1","3",1.76849192006007,1.65138829259431,40302284.5,0.856604109205179,0,0,75.2675386444709,9.38974688974689
"200","ARHGAP22","3",1.90303647093927,1.51944332790877,40301380,0.85658488452781,0,0,82.1244550138724,27.6812526812527
"201","LHFPL2","3",1.8058661304459,1.58779601853029,40282053,0.856174099188368,0,0,78.1212841854935,17.9375804375804
"202","RBM47","3",1.5604707498702,1.51476746079944,40193713.5,0.854296489031923,0,0,72.6516052318668,3.71621621621622
"203","PTPRC","3",1.43104359436927,1.39757162700269,40146117.5,0.853284860790806,0,0,72.1363456202933,2.37022737022737
"204","SRGAP2B","3",1.56983710786019,1.4279455426698,39982018.5,0.849797021839233,0,0,75.0693618707887,13.2775632775633
"205","MYO1F","3",1.38497530996036,1.33775640464309,39930608,0.848704318383272,0,0,71.8588981371383,3.94144144144144
"206","AC074327.1","3",1.67358965694004,1.63056555785063,39800220,0.845932989214797,0,0,70.7887435592549,3.28721578721579
"207","FMNL3","3",1.624923643327,1.36716879039306,39558269,0.840790446468211,0,0,77.0907649623464,21.3588588588589
"208","FLI1","3",1.45308408748681,1.3750968049796,39544463,0.84049700711413,0,0,71.7796274276655,4.27391677391677
"209","LYN","3",1.41140433613772,1.32337590328996,39529548.5,0.840180007168711,0,0,71.8192627824019,7.16966966966967
"210","SMAP2","3",1.80733034585893,1.50153947096316,39455169.5,0.838599120183543,0,0,76.9322235434007,25.0750750750751
"211","LHFPL3","4",3.82737791877395,3.51955714468492,32656631.5,0.987114305601971,0,0,98.5874043555032,19.2738290879211
"212","PCDH15","4",3.53426820022113,3.10048002412766,32351173,0.97788118995997,0,0,97.9399646851089,26.0065735414955
"213","MEGF11","4",2.43670201177591,2.31443711520158,31649036.5,0.956657660410227,0,0,93.2313125367863,9.39811010682005
"214","VCAN","4",2.58350129643181,2.37575228116532,31429561.5,0.950023574092354,0,0,93.3490288404944,13.5990139687757
"215","PTPRZ1","4",2.88005162314839,2.32963994850705,31248841.5,0.944560937895219,0,0,95.1147733961154,31.5119145439606
"216","LUZP2","4",2.56587362618521,2.27074726083372,30922183.5,0.934687023470232,0,0,91.7010005885815,19.2686935086278
"217","CA10","4",2.53572806486782,2.15062064129124,30894725.5,0.933857048565955,0,0,93.5256032960565,22.9354971240756
"218","SOX6","4",2.63391123280881,2.13678911105479,30373013.5,0.918087223113988,0,0,91.8775750441436,27.6859079704191
"219","SEMA5A","4",2.30879882077604,1.98796058451935,30242096,0.914129970599942,0,0,89.3466745144202,21.2510271158587
"220","MMP16","4",2.53640058945187,1.98850972795627,30141848.5,0.91109978234091,0,0,91.4655679811654,33.1090797041906
"221","LINC00511","4",2.30817320180021,1.83032012399405,29867478,0.90280636586943,0,0,92.8781636256622,27.8656532456861
"222","SMOC1","4",1.89383144696417,1.76576900048565,29664268.5,0.896663937968248,0,0,83.2254267216009,9.2645850451931
"223","NXPH1","4",2.3736237522962,2.07525848096848,29586497.5,0.894313148461345,0,0,87.7575044143614,15.319433032046
"224","SEZ6L","4",2.34810376549437,1.81410337880551,29583812.5,0.89423198877681,0,0,89.9352560329606,31.1883730484799
"225","TMEM132C","4",1.97446085244202,1.59753512325579,28664531,0.86644480198367,0,0,84.8145968216598,23.7674609695974
"226","GRIK1","4",2.25623653663774,1.82995118946061,28619349,0.865079082480245,0,0,86.5803413772808,21.88270336894
"227","AC004852.2","4",1.70987611192637,1.68459489808503,28535307,0.862538739013669,0,0,73.3961153619776,1.97206244864421
"228","BRINP3","4",2.09400416568151,1.58820895299399,28517420.5,0.86199808251555,0,0,85.3443201883461,32.0306080525883
"229","PDZRN4","4",1.97670597249628,1.66006444975439,28165611,0.851363911924603,0,0,80.1648028251913,20.31635168447
"230","AL445250.1","4",1.76950810539893,1.50563650042305,28074864.5,0.848620911063253,0,0,78.8699234844026,17.9847986852917
"231","SULF2","4",1.31644093330075,1.20419302062225,28002517,0.846434058073699,0,0,74.9264273101825,8.86914543960559
"232","MYT1","4",1.17788959205998,1.12922193091749,27825221.5,0.841074934479802,0,0,70.8063566804002,4.44227608874281
"233","NTNG1","4",1.64904474677691,1.35923867059797,27727889,0.838132858131541,0,0,79.1053560918187,18.7910846343468
"234","PID1","4",1.84414632101013,1.37934965310529,27722161,0.837959717471198,0,0,83.284284873455,29.9147493837305
"235","KIF26B","4",1.61805601554956,1.28791243944202,27715494.5,0.837758208705106,0,0,81.1065332548558,23.0947000821693
"236","CACNG4","4",1.21771906877328,1.12247948656755,27705450.5,0.837454608008094,0,0,72.6309593878752,8.14502875924404
"237","COL11A1","4",1.38558300254471,1.22324442259075,27560345.5,0.833068508930044,0,0,73.984696880518,12.9313886606409
"238","PLPPR1","4",1.78662220657656,1.35927703205718,27546700,0.8326560454383,0,0,82.2836962919364,26.4122843056697
"239","STK32A","4",1.13694282267744,1.09435482963585,27429184.5,0.829103896124309,0,0,68.1577398469688,3.70275267050123
"240","SGCZ","4",2.24960968778974,1.69215139382201,27346751.5,0.826612188014314,0,0,81.8716892289582,28.9492604765818
"241","SLC24A3","4",1.7133981323871,1.31286639577768,27289522,0.824882307877948,0,0,81.2831077104179,24.4864420706656
"242","UST","4",1.39843906939165,1.1667995283384,27009330,0.816412924515025,0,0,74.102413184226,16.541700903862
"243","SCN1A","4",1.6166480554091,1.17547704070007,26917906,0.813649444813349,0,0,80.4590935844615,29.1957682826623
"244","ZNF462","4",1.554178864893,1.14528402575158,26806115.5,0.81027034547849,0,0,78.4579164214244,29.5912078882498
"245","GPC6","4",1.87808338981327,1.38785477911725,26707413.5,0.807286873157055,0,0,78.3402001177163,28.2919063270337
"246","ADAMTS17","4",1.5001403840197,1.15919273758746,26685479,0.806623857477186,0,0,77.751618599176,21.1329087921118
"247","MPPED2","4",1.47327410723206,1.10202544279797,26465324.5,0.799969231864846,0,0,76.2213066509712,26.1863188167625
"248","ALK","4",1.53356611626577,1.21217218741472,26431482.5,0.798946287341918,0,0,74.16127133608,20.167419884963
"249","TMEM132D","4",1.88479353327102,1.25667893396193,26232250.5,0.79292408761401,0,0,84.6968805179517,32.0152013147083
"250","MMD2","4",1.51716498561546,1.0866562862908,26200715.5,0.791970876942936,0,0,80.3413772807534,24.3477814297453
"251","IDS","5",1.8440761702866,1.45221147939713,24082762,0.762524388166523,0,0,64.3962848297214,29.8425035794641
"252","THY1","5",1.70611183266005,1.3184500110302,23247792.5,0.73608702989652,0,0,59.5665634674923,26.6772346083044
"253","PGM2L1","5",1.69674723569911,1.35826720414657,23136308,0.732557133693063,0,0,57.8947368421053,24.4426263039476
"254","NORAD","5",1.56503230490798,1.273083126806,23075330,0.730626407801174,0,0,57.1517027863777,23.5682143587646
"255","ENC1","5",1.79381962617103,1.38985548869008,23042799.5,0.729596405527794,6.83123817747566e-318,1.15465003270079e-314,58.328173374613,27.1118838208223
"256","TUBA1B","5",1.58602169646128,1.22577404884263,22948768.5,0.726619133620872,9.20543111331411e-320,1.65967786677732e-316,57.7708978328173,25.7005522601759
"257","YWHAB","5",1.67118946378555,1.24109992915092,22754761.5,0.720476355272815,1.8159770828937e-268,1.69349255964749e-265,58.6996904024768,31.7600736346901
"258","CALM3","5",1.44152868425507,1.16962306213798,22655497.5,0.717333392648056,0,0,53.9318885448916,20.4796481898139
"259","SERINC1","5",1.60045955571951,1.14265406950958,22397907.5,0.70917740716982,1.51364676267152e-235,7.72359680182802e-233,57.8328173374613,33.4526488034363
"260","UCHL1","5",1.50185295111673,1.12128120607215,22308820,0.706356659639666,6.10428273153291e-260,5.15888194348675e-257,54.9226006191951,26.8971159746369
"261","NPTXR","5",1.578980961379,1.19198817569508,22141916,0.70107203445911,5.49992935235998e-243,3.38045657739144e-240,54.1176470588235,27.7203927183473
"262","TSPYL1","5",1.33292642774822,1.08376557130576,22122491,0.700456987221582,2.7004558871789e-299,3.84374363225612e-296,50.6501547987616,19.6717120065453
"263","MTUS2","6",2.35636509931592,1.80701731145839,24115778,0.887777042660664,0,0,91.8367346938776,29.6378604980049
"264","RGS12","6",1.9043875688034,1.4252596845153,23680132.5,0.871739572352286,0,0,89.7230320699708,34.5926561947573
"265","SYNPR","6",2.10173489377395,1.80274348113496,23659254,0.870970969614892,0,0,83.600583090379,18.566594272438
"266","DLX6-AS1","6",1.40127950782048,1.32785841539995,23568720,0.867638130559057,0,0,77.1865889212828,5.19218142330421
"267","SNRPN","6",1.61285139762889,1.32901342697294,23405128,0.861615798542112,0,0,84.9854227405248,19.2181423304207
"268","GALNTL6","6",2.55471084430546,1.91786178633443,23402637,0.861524097058823,0,0,87.9008746355685,33.7643315318956
"269","LINGO2","6",2.46000187828514,1.77127167526784,23399877,0.861422492846106,0,0,93.3673469387755,33.5420980857619
"270","ZNF385D","6",1.99919190064216,1.62820445653181,23389551.5,0.861042378969872,0,0,86.0058309037901,22.5061871811708
"271","KIAA1211","6",1.52474473530053,1.23711700576212,23060942,0.848945237832638,0,0,83.0174927113703,20.2838527198343
"272","KCNC2","6",1.72262093947216,1.30329740342592,22652822,0.833921067073947,0,0,84.1836734693878,25.7134198696904
"273","PLD5","6",1.78334445553051,1.42262762229551,22621060.5,0.832751827145612,0,0,79.7376093294461,22.824385069953
"274","GABRG3","6",1.81384035405295,1.3345078286223,22544632,0.829938255561689,0,0,87.0262390670554,26.5467952926915
"275","FSTL5","6",1.66249541058699,1.42930137379741,22529720,0.829389298308054,0,0,75.2186588921283,15.6169503510278
"276","NHS","6",1.27118874448645,1.06327012157624,22510700,0.828689112755201,0,0,77.4781341107872,15.1169250972271
"277","C8orf34","6",1.45120943247429,1.23841236775334,22271485,0.819882862122936,0,0,74.198250728863,15.0815697762513
"278","KCNT2","6",1.41286896828046,1.13314435831267,22181904.5,0.816585124377545,0,0,77.2594752186589,19.1575332087479
"279","BTBD11","6",1.29719466460316,1.18208403623655,22172329.5,0.816232638748283,0,0,69.2419825072886,7.69230769230769
"280","KCNJ3","6",1.51966367359733,1.10971954787075,22160652,0.815802753533066,0,0,83.2361516034985,26.2892065255821
"281","SRRM4","6",1.6094718381864,1.13367982279639,22083306,0.812955405911039,0,0,87.6822157434402,27.4458305975049
"282","MYRIP","6",1.70942577533455,1.17775697734994,21908132.5,0.806506722738448,0,0,83.7463556851312,32.7844840648518
"283","CCDC85A","6",1.36270416468648,1.08958510999714,21888086,0.805768748517352,0,0,74.7813411078717,18.9454012828931
"284","RBFOX3","6",1.63572724051844,1.12569534670814,21711030,0.799250764645327,0,0,87.6822157434402,26.5063892115763
"285","NMNAT2","6",1.52382907813772,1.0191472451298,21697046,0.798735969967562,0,0,85.6413994169096,31.6834183544623
"286","GRIK1","6",1.99626699471359,1.52174323900707,21572572,0.794153693600275,0,0,75.9475218658892,23.6880650537906
"287","CELF4","6",1.77962516214307,1.14007384628765,21570241.5,0.794067900622834,0,0,89.9416909620991,33.9562604171928
"288","SLC24A3","6",1.54891877052254,1.11530591891248,21525299.5,0.792413445359095,0,0,79.8833819241982,25.5214909843932
"289","THSD7A","6",1.64336966377606,1.19808556272254,21357243,0.786226761165456,0,0,75.9475218658892,29.3095610889439
"290","RAB3C","6",1.39314447710397,1.0207429258285,21335862,0.785439659834986,0,0,76.2390670553936,24.5921511187434
"291","KCNIP1","6",1.61432706016547,1.11078537138266,21244731,0.782084843346183,0,0,80.5393586005831,27.9660588918632
"292","PCSK2","6",1.53445086172403,1.02567112014264,21196319,0.780302646554137,0,0,83.0174927113703,29.2994595686651
"293","SYN3","6",1.90364532549971,1.18555795738578,21086954,0.776276579625234,0,0,86.734693877551,34.8704480024244
"294","SGCZ","6",2.14572311870487,1.55311830831893,21022388.5,0.77389972209039,0,0,72.8134110787172,30.4510328804485
"295","KCNH7","6",1.46642803432715,1.02830718057396,21015941.5,0.773662387902207,0,0,76.7492711370262,25.7437244305268
"296","PDE10A","6",1.49664664169271,1.004520489635,20896685.5,0.769272202397948,0,0,77.9883381924198,29.7186726602354
"297","ZMAT4","6",1.36818816743567,1.09153453222837,20887131,0.768920471437657,0,0,66.399416909621,17.9099954543159
"298","SEMA6D","6",1.51983609129571,1.08034172022401,20727260.5,0.763035139448837,0,0,71.7930029154519,30.4308298398909
"299","PLXNA4","6",1.52296783073997,1.03672253366407,20625173.5,0.759276998411293,0,0,73.7609329446064,28.6580130309612
"300","SDK1","6",1.55630690876869,1.03069651219888,20529023,0.755737398463892,1.22381090601748e-314,2.06854638389482e-312,75.6559766763848,30.1277842315268
"301","EPAS1","7",1.85826096066787,1.78370184762108,15005284.5,0.809598046642322,0,0,64.5901639344262,6.3783570300158
"302","FLT1","7",2.14191006653936,2.09265083947733,14716951.5,0.794041271721959,0,0,60.5464480874317,3.86552132701422
"303","COBLL1","7",1.68520880651462,1.59135972505792,14582365.5,0.786779792427421,0,0,60.655737704918,7.28179304897314
"304","ATP10A","7",1.6999396601683,1.66272964081069,14212264.5,0.766811290886489,0,0,54.8633879781421,2.95714849921011
"305","CLDN5","7",1.45094012947718,1.43032644587737,14160698.5,0.764029088864717,0,0,53.6612021857923,1.4859794628752
"306","B2M","7",1.42129411236061,1.20985410828912,13970328,0.753757801776604,0,0,60,15.9755134281201
"307","ABCB1","7",1.60087651598605,1.56513341631905,13956187,0.75299483550445,0,0,52.2404371584699,3.14968404423381
"308","VWF","7",1.53413663179953,1.49381045957507,13906443.5,0.750310965003151,0,0,51.9125683060109,3.43108214849921
"309","ARHGAP29","7",1.26378843070374,1.18211366549746,13805094.5,0.744842761289376,0,0,53.0054644808743,7.3904028436019
"310","SYNE2","7",1.19682106557937,1.10009828286491,13614207.5,0.734543606859521,0,0,51.9125683060109,8.55055292259084
"311","HLA-E","7",1.20810905898834,1.08272680365119,13588350,0.733148486261104,0,0,52.4590163934426,9.04917061611375
"312","BSG","7",1.45948483160658,1.16755963365483,13555886,0.731396917273112,7.83179328798172e-217,1.27592179325408e-214,58.7978142076503,22.9364139020537
"313","UTRN","7",1.67568111170088,1.18204882405751,13502195.5,0.728500089563964,5.21627709726244e-171,6.38321257096676e-169,62.2950819672131,32.1929304897314
"314","ELOVL7","7",1.4975949847306,1.34645266035159,13375687.5,0.721674452257012,1.25315239066783e-308,3.53023471387717e-306,51.0382513661202,12.4259478672986
"315","NXPH1","8",2.43119647069283,2.02847213539584,11616583,0.872195857607958,0,0,86.1325115562404,19.0770880031186
"316","ZNF385D","8",2.32108562014304,1.90291550387031,11485398.5,0.862346267803247,0,0,84.5916795069337,24.7880323555209
"317","KCNC2","8",1.9497016140633,1.49164361427729,11461675.5,0.860565098389657,0,0,88.597842835131,27.6337588928954
"318","SNRPN","8",1.69253663738413,1.36439689365049,11407917,0.856528804669618,0,0,84.5916795069337,21.5476074456681
"319","GRIK1","8",2.47995363940958,1.96711452801675,11234604,0.843516124377176,2.20529165415115e-318,2.71090488388442e-315,83.8212634822804,25.2801871162655
"320","PAM","8",1.77153107065334,1.25337039184797,11126643.5,0.835410238086407,2.04871585005345e-252,1.38513678622113e-249,85.824345146379,34.3923594191599
"321","SRRM3","8",1.51067479259422,1.07728423684784,10891232,0.817735080500628,3.59093834148075e-260,2.6246847704596e-257,87.0570107858243,27.1513497709775
"322","RASGRF2","8",1.71708127906966,1.21161478660438,10874253.5,0.81646030138801,7.8541940348952e-240,4.51933666978097e-237,84.5916795069337,30.7621089562421
"323","GABRG3","8",1.91606864551724,1.39295369152535,10865768,0.815823193389063,1.15673109737936e-248,7.27503158082033e-246,81.6640986132512,28.8470909268103
"324","CDH9","8",1.52526577634391,1.21386128412422,10849123.5,0.814573491652162,8.34664571218477e-312,9.029067465613e-309,77.3497688751926,20.1832180099405
"325","TENM1","8",1.40611248503027,1.12752254867994,10790962.5,0.810206649589024,1.69369600684884e-308,1.69645610404519e-305,75.6548536209553,19.7349186239158
"326","HCN1","8",1.65891889490463,1.13593971973863,10710307,0.804150876304117,1.28928864879115e-221,6.11710916103645e-219,85.5161787365177,30.7523633174155
"327","KIF26B","8",1.49955225110105,1.09976551133785,10638907.5,0.798790061670823,2.69033374135419e-237,1.51577886877464e-234,79.3528505392912,26.1183120553552
"328","GRIK3","8",1.23282776205142,1.06964365170323,10581552.5,0.794483735670044,0,0,67.0261941448382,12.2989961992009
"329","SOX6","8",1.75648150701907,1.12228305456409,10318952.5,0.774767212127119,7.94101522394656e-180,2.19139607873889e-177,85.3620955315871,31.1762986063736
"330","ADGRL2","8",1.67644488924882,1.07583376042934,10195631,0.765507991799248,3.71693979051849e-169,9.39447847614786e-167,82.1263482280431,30.9277848162947
"331","SLIT2","8",1.5966351320157,1.14170178005597,10155498,0.762494727369132,1.39904536273977e-180,3.9412273739515e-178,71.4946070878274,27.0733846603645
"332","ST6GALNAC5","8",1.57644882515564,1.00867786517174,9936841,0.74607753053621,8.36280912698517e-148,1.53852931993324e-145,75.346687211094,30.3576649449371
"333","GPC6","8",1.63477671126892,1.06584458471439,9893962.5,0.74285812857606,2.20264033351061e-142,3.79415319614401e-140,72.5731895223421,31.0349868433876
"334","TSHZ2","9",3.14071840827808,2.64928111139433,11156390,0.963231003833622,0,0,98.220640569395,26.4010869037799
"335","ADGRL2","9",2.58166510003118,2.00119741443079,10732089.5,0.926597343972134,0,0,98.220640569395,30.7050317822311
"336","LDB2","9",2.59059627989169,1.92493785624546,10638201.5,0.918491152588727,0,0,99.1103202846975,34.9992721626474
"337","FSTL4","9",2.10533580702421,1.75858020616362,10613658.5,0.916372135726902,0,0,95.1957295373665,20.9131932650784
"338","OLFM3","9",2.06325591645998,1.65920583157193,10470917.5,0.90404802759531,0,0,94.4839857651246,24.0186326362269
"339","EFNA5","9",2.26427856300242,1.67778376635537,10462670,0.903335947101161,4.18512929652945e-317,1.74127133389611e-314,96.6192170818505,34.266582561017
"340","POU6F2","9",2.04346433801712,1.68260542539941,10418201,0.899496540311915,0,0,91.9928825622776,21.9079043136494
"341","RORB","9",2.04724165157218,1.66525696979038,10391081.5,0.897155071144159,0,0,92.3487544483986,22.8201271289243
"342","CACNB4","9",1.62672916281055,1.33599045631801,10363728.5,0.894793441831463,0,0,91.9928825622776,20.5347178417196
"343","GABRG3","9",2.13607040553223,1.61307452660297,10327584.5,0.891672806805029,0,0,97.3309608540925,28.6428259498277
"344","ZMAT4","9",1.71771255969556,1.40768951002589,10316344,0.89070231383207,0,0,93.2384341637011,19.0838953855112
"345","CPNE4","9",1.80145036008874,1.55905381089122,10288994.5,0.888340986705701,0,0,87.3665480427046,16.6043961376098
"346","VWC2L","9",1.54768640889539,1.37638571974097,10226866.5,0.882976920389789,0,0,85.0533807829182,11.5046824203018
"347","MIAT","9",1.87262544565732,1.38904998413808,10188973.5,0.879705278538952,9.92071217040923e-298,3.5772765324873e-295,95.5516014234875,31.039836964433
"348","TRHDE","9",1.60846701924579,1.3644084825306,10141788,0.875631331990705,0,0,86.2989323843416,16.8518608374982
"349","AC090568.2","9",1.68731608222434,1.39257202501551,10102011.5,0.872197070726623,0,0,87.0106761565836,20.4570818574409
"350","IL1RAPL2","9",1.99344039196788,1.78657089921967,10063708.5,0.868890029906086,0,0,80.2491103202847,13.1398903391722
"351","KCNH5","9",1.35188529471392,1.19568616150155,10060602.5,0.86862186112587,0,0,81.8505338078292,12.1209180455141
"352","CCDC3","9",1.55195572942928,1.21194895554999,10044205.5,0.86720616135472,0,0,89.8576512455516,24.3776990635159
"353","SATB2","9",1.52394325984619,1.20778643579297,9994934.5,0.862952154925231,0,0,88.6120996441281,21.6992576059003
"354","SH3GL2","9",1.78614433238745,1.31759290578034,9979464.5,0.861616491361184,2.11801730323762e-280,6.50905226690433e-278,92.1708185053381,29.25906157504
"355","FMN1","9",1.71794846390816,1.26894718922769,9956661.5,0.859647704273208,1.92605327981302e-285,6.27568492762209e-283,93.2384341637011,27.8858751031103
"356","AC073365.1","9",1.3407498870937,1.21933962053866,9949708.5,0.859047389550466,0,0,77.9359430604982,9.20956863506235
"357","CABP1","9",1.45870995558683,1.12076793695077,9920997.5,0.856568511943008,2.68771711337638e-321,1.19158258398346e-318,91.6370106761566,22.5920714251055
"358","AC019211.1","9",1.34183869609334,1.17781596401128,9886460,0.853586580440532,0,0,80.0711743772242,10.7962540637586
"359","MICAL2","9",1.44267791964944,1.08984432432622,9870385,0.85219868181144,5.20079778084123e-299,1.95347743312598e-296,91.1032028469751,24.3097675772721
"360","AC109466.1","9",2.0160622195218,1.82839435945803,9868767.5,0.852059028559025,0,0,76.5124555160142,11.8055218593818
"361","LINC01725","9",1.4719925583586,1.31192304582897,9847324.5,0.850207662443713,0,0,77.5800711743772,11.8249308554515
"362","PCSK2","9",1.86704627925797,1.32702412015698,9829217,0.848644279897754,3.26482084210462e-251,7.48252668253197e-249,92.7046263345196,31.1465864428162
"363","BASP1-AS1","9",1.36107884776352,1.07690516738537,9814566,0.847379327934156,0,0,86.4768683274021,20.2193216555874
"364","PKNOX2","9",1.58054730392711,1.13846228373864,9801912.5,0.846286838024157,6.5124233951684e-253,1.53149546346899e-250,92.1708185053381,30.1130574021059
"365","NRG1","9",2.16037807213998,1.63718960826601,9797853,0.845936345054652,3.66621589785209e-265,9.53357141745308e-263,86.4768683274021,27.9149885972148
"366","SLC44A5","9",1.63425144452762,1.19536082021783,9795995,0.845775927284645,2.8564953907286e-266,7.64861993533308e-264,91.2811387900356,27.5559221699258
"367","AC067956.1","9",1.1159415360614,1.01413454683199,9771553,0.84366563065682,0,0,75.4448398576512,7.39482750254743
"368","ZNF385B","9",1.77385755899695,1.27732601523083,9756638.5,0.842377928379768,1.76063433987844e-251,4.06962351176687e-249,90.7473309608541,29.3172885632491
"369","ANO3","9",1.24778255218561,1.03337850674431,9696028,0.837144881421222,0,0,80.4270462633452,15.2554709107671
"370","SV2B","9",1.75270372624574,1.2277541530623,9693659,0.836940344447516,2.99415173472486e-242,6.58323898486985e-240,94.3060498220641,29.4968217768936
"371","KCNB2","9",1.77019630859039,1.28564493176259,9659404.5,0.833982846868029,2.56192229976551e-248,5.77371888957155e-246,88.9679715302491,27.662671648309
"372","SLC35F3","9",1.88627997881466,1.33450416076484,9656666.5,0.833746450821593,3.38718660905923e-226,6.45092075038013e-224,91.6370106761566,32.1752632345092
"373","RBFOX3","9",1.82825038753267,1.27922508199877,9625254,0.831034328539392,1.20784798803352e-237,2.59246357050623e-235,94.8398576512456,28.715609685089
